
{
   "allowSleep" : true,
   "autoClearForces" : true,
   "body" : 
   [
      
      {
         "angle" : 0,
         "angularVelocity" : 0,
         "awake" : true,
         "fixture" : 
         [
            
            {
               "chain" : 
               {
                  "vertices" : 
                  {
                     "x" : 
                     [
                        0.003080844879150391,
                        0.3765670061111450,
                        0.6587777733802795,
                        1.335970044136047,
                        1.696320056915283,
                        2.105890035629272,
                        2.491009950637817,
                        3.058055639266968,
                        3.677032232284546,
                        4.344369888305664,
                        4.980279922485352,
                        5.805359840393066,
                        6.253610134124756,
                        6.682740211486816,
                        6.913430213928223,
                        7.349629878997803,
                        7.833212375640869,
                        8.183515548706055,
                        8.568877220153809,
                        8.905231475830078,
                        10.0
                     ],
                     "y" : 
                     [
                        -1.521408557891846e-05,
                        0.01449008379131556,
                        0.02545046620070934,
                        -0.03274570032954216,
                        -0.1084719970822334,
                        -0.2909620106220245,
                        -0.4826569855213165,
                        -0.8339552283287048,
                        -1.123721480369568,
                        -1.189640045166016,
                        -1.233629941940308,
                        -1.069929957389832,
                        -0.8843230009078979,
                        -0.7616490125656128,
                        -0.7032920122146606,
                        -0.6175519824028015,
                        -0.4504731893539429,
                        -0.3574612736701965,
                        -0.275573730468750,
                        -0.1108562946319580,
                        0.0
                     ]
                  }
               },
               "density" : 1,
               "friction" : 5.0,
               "name" : "aabb"
            }
         ],
         "linearVelocity" : 0,
         "name" : "body0",
         "position" : 0,
         "type" : 0
      }
   ],
   "continuousPhysics" : true,
   "gravity" : 
   {
      "x" : 0,
      "y" : -10.0
   },
   "positionIterations" : 3,
   "stepsPerSecond" : 60.0,
   "subStepping" : false,
   "velocityIterations" : 8,
   "warmStarting" : true
}
