
{
   "allowSleep" : true,
   "autoClearForces" : true,
   "body" : 
   [
      
      {
         "angle" : 0,
         "angularVelocity" : 0,
         "awake" : true,
         "fixture" : 
         [
            
            {
               "chain" : 
               {
                  "vertices" : 
                  {
                     "x" : 
                     [
                        -0.5063972473144531,
                        0.4639237523078918,
                        1.074042320251465,
                        1.790151596069336,
                        2.792689800262451,
                        3.905080318450928,
                        5.055088043212891,
                        5.862910747528076,
                        7.148056983947754,
                        8.544833183288574,
                        9.493602752685547
                     ],
                     "y" : 
                     [
                        0.0,
                        0.0,
                        0.3050591945648193,
                        0.2164013683795929,
                        0.09047389030456543,
                        0.08586388826370239,
                        0.6657072305679321,
                        0.9218959212303162,
                        0.8038209676742554,
                        1.386617660522461,
                        1.432450056076050
                     ]
                  }
               },
               "density" : 1,
               "friction" : 0.2000000029802322,
               "name" : "fixture0"
            }
         ],
         "linearVelocity" : 0,
         "name" : "body0",
         "position" : 
         {
            "x" : 0.5063972473144531,
            "y" : 0
         },
         "type" : 0
      }
   ],
   "continuousPhysics" : true,
   "gravity" : 
   {
      "x" : 0,
      "y" : -10.0
   },
   "positionIterations" : 3,
   "stepsPerSecond" : 60.0,
   "subStepping" : false,
   "velocityIterations" : 8,
   "warmStarting" : true
}
