
{
   "allowSleep" : true,
   "autoClearForces" : true,
   "body" : 
   [
      
      {
         "angle" : 0,
         "angularVelocity" : 0,
         "awake" : true,
         "fixture" : 
         [
            
            {
               "chain" : 
               {
                  "vertices" : 
                  {
                     "x" : [ -5.403314590454102, 5.237568855285645 ],
                     "y" : [ 0.0, 0.0 ]
                  }
               },
               "density" : 1,
               "friction" : 0.2000000029802322,
               "name" : "fixture0"
            }
         ],
         "linearVelocity" : 0,
         "name" : "_ground",
         "position" : 
         {
            "x" : -0.02071809768676758,
            "y" : -1.450276374816895
         },
         "type" : 0
      },
      
      {
         "angle" : 0,
         "angularVelocity" : 0,
         "awake" : true,
         "fixture" : 
         [
            
            {
               "density" : 0.750,
               "friction" : 0.8000000119209290,
               "name" : "aabb",
               "polygon" : 
               {
                  "vertices" : 
                  {
                     "x" : 
                     [
                        2.391760110855103,
                        2.371400117874146,
                        2.033610105514526,
                        -1.823310017585754,
                        -2.200170040130615,
                        -2.240900039672852,
                        -2.064899921417236,
                        2.104389905929565
                     ],
                     "y" : 
                     [
                        -0.2876459956169128,
                        0.1395390033721924,
                        0.2991139888763428,
                        0.5205680131912231,
                        0.334744006395340,
                        -0.2985900044441223,
                        -0.3891539871692657,
                        -0.3894709944725037
                     ]
                  }
               },
               "restitution" : 0.1000000014901161
            },
            
            {
               "density" : 0.750,
               "friction" : 0.8000000119209290,
               "name" : "carupper",
               "polygon" : 
               {
                  "vertices" : 
                  {
                     "x" : 
                     [
                        1.208260059356689,
                        0.6846150159835815,
                        0.419759988784790,
                        -0.4459980130195618,
                        -0.7959259748458862,
                        -1.103929996490479,
                        -1.367390036582947
                     ],
                     "y" : 
                     [
                        0.3468869924545288,
                        0.8653119802474976,
                        0.9186699986457825,
                        1.001880049705505,
                        0.9778829813003540,
                        0.8607249855995178,
                        0.4947359859943390
                     ]
                  }
               },
               "restitution" : 0.1000000014901161
            }
         ],
         "gravityScale" : 2.0,
         "linearVelocity" : 0,
         "massData-I" : 5.389616012573242,
         "massData-center" : 
         {
            "x" : -0.06040601432323456,
            "y" : 0.1643623560667038
         },
         "massData-mass" : 3.529048681259155,
         "name" : "car",
         "position" : 
         {
            "x" : 0.02885369956493378,
            "y" : 0.7808920145034790
         },
         "type" : 2
      },
      
      {
         "angle" : 0,
         "angularVelocity" : 0,
         "awake" : true,
         "fixture" : 
         [
            
            {
               "circle" : 
               {
                  "center" : 0,
                  "radius" : 0.4391508996486664
               },
               "density" : 4.0,
               "friction" : 1,
               "name" : "rearwheel"
            }
         ],
         "gravityScale" : 10.0,
         "linearVelocity" : 0,
         "massData-I" : 0.2336872369050980,
         "massData-mass" : 2.423468828201294,
         "name" : "rearwheel",
         "position" : 
         {
            "x" : -1.281174421310425,
            "y" : 0.4994073510169983
         },
         "type" : 2
      },
      
      {
         "angle" : 0,
         "angularVelocity" : 0,
         "awake" : true,
         "fixture" : 
         [
            
            {
               "circle" : 
               {
                  "center" : 0,
                  "radius" : 0.4391508996486664
               },
               "density" : 4.0,
               "friction" : 1,
               "name" : "frontwheel"
            }
         ],
         "gravityScale" : 10.0,
         "linearVelocity" : 0,
         "massData-I" : 0.2336872369050980,
         "massData-mass" : 2.423468828201294,
         "name" : "frontwheel",
         "position" : 
         {
            "x" : 1.646994829177856,
            "y" : 0.4994073510169983
         },
         "type" : 2
      },
      
      {
         "angle" : 0,
         "angularVelocity" : 0,
         "awake" : true,
         "fixture" : 
         [
            
            {
               "density" : 1,
               "friction" : 0.2000000029802322,
               "name" : "antenna1",
               "polygon" : 
               {
                  "vertices" : 
                  {
                     "x" : 
                     [
                        0.0194314718246460,
                        0.0194314718246460,
                        -0.01943159103393555,
                        -0.01943159103393555
                     ],
                     "y" : 
                     [
                        -0.2002876996994019,
                        0.2002875804901123,
                        0.2002875804901123,
                        -0.2002876996994019
                     ]
                  }
               }
            }
         ],
         "linearVelocity" : 0,
         "massData-I" : 0.0002101246209349483,
         "massData-center" : 
         {
            "x" : -5.960464477539062e-08,
            "y" : -5.960464477539062e-08
         },
         "massData-mass" : 0.01556758210062981,
         "name" : "antenna1",
         "position" : 
         {
            "x" : -1.805551290512085,
            "y" : 1.473527073860168
         },
         "type" : 2
      },
      
      {
         "angle" : 0,
         "angularVelocity" : 0,
         "awake" : true,
         "fixture" : 
         [
            
            {
               "density" : 1,
               "friction" : 0.2000000029802322,
               "name" : "antenna2",
               "polygon" : 
               {
                  "vertices" : 
                  {
                     "x" : 
                     [
                        0.01557314395904541,
                        0.01557314395904541,
                        -0.01557338237762451,
                        -0.01557338237762451
                     ],
                     "y" : 
                     [
                        -0.1605185270309448,
                        0.2251464128494263,
                        0.2251464128494263,
                        -0.1605185270309448
                     ]
                  }
               }
            }
         ],
         "linearVelocity" : 0,
         "massData-I" : 0.0001624017459107563,
         "massData-center" : 
         {
            "x" : -1.192092895507812e-07,
            "y" : 0.03231394290924072
         },
         "massData-mass" : 0.01201212313026190,
         "name" : "antenna2",
         "position" : 
         {
            "x" : -1.805367946624756,
            "y" : 1.814880132675171
         },
         "type" : 2
      }
   ],